Value,Error,Energy,Angle
1.0477665899999998e-05,0.4425634295611583,0.01 - 0.1,66.8 deg
0.00012897097,0.021833650623392226,0.1 - 1,66.8 deg
0.00012508379999999998,0.020832187686974656,1 - 3.5,66.8 deg
4.00324e-05,0.04860140343821505,3.5 - 10,66.8 deg
4.367904900000001e-05,0.034123964105766125,10 - 20,66.8 deg
