Value,Error,Energy,Angle
1.3910741000000001e-05,1.322937003104292,0.01 - 0.1,41.8 deg
0.00015192241,0.03525091115129098,0.1 - 1,41.8 deg
0.0001472129,0.01776457343548018,1 - 3.5,41.8 deg
1.472927e-05,0.08126415088324132,3.5 - 10,41.8 deg
2.6199544000000003e-05,0.038631115513689855,10 - 20,41.8 deg
