Value,Error,Energy,Angle
3.826638889999999e-05,0.5058988471734265,0.01 - 0.1,66.8 deg
0.00011693080550000001,0.04786022247490631,0.1 - 1,66.8 deg
0.00020683300000000002,0.01614289934439862,1 - 3.5,66.8 deg
3.550095e-05,0.05602992308656529,3.5 - 10,66.8 deg
4.54339146e-05,0.03646981655901602,10 - 20,66.8 deg
