Value,Error,Energy,Angle
4.3482190000000005e-06,0.5565620210481578,0.01 - 0.1,12.2 deg
2.085108e-05,0.057674534611156826,0.1 - 1,12.2 deg
3.794232e-05,0.032052121644380205,1 - 3.5,12.2 deg
4.02401e-05,0.03410170606658532,3.5 - 10,12.2 deg
0.0003674090088000001,0.005931017831237237,10 - 20,12.2 deg
