Value,Error,Energy,Angle
2.419061e-05,0.11662289337639689,0.1 - 1,24.9 deg
7.043230000000001e-05,0.07505669104941907,1 - 3.5,24.9 deg
7.980809e-05,0.07601764891002905,3.5 - 10,24.9 deg
0.000569897228,0.0177696703268576,10 - 20,24.9 deg
