Value,Error,Energy,Angle
5.683353e-06,0.2170416937923792,0.01 - 0.1,66.8 deg
3.767809e-05,0.02975234209324305,0.1 - 1,66.8 deg
2.5720977e-06,0.20225124750121273,1 - 3.5,66.8 deg
3.989468e-07,0.9933941625550073,3.5 - 10,66.8 deg
2.7742636e-07,0.9361141603162727,10 - 20,66.8 deg
