Value,Error,Energy,Angle
1.3358790999999999e-05,0.2847349396520988,0.01 - 0.1,0 deg
0.00018821002,0.01729406635459685,0.1 - 1,0 deg
7.51064e-05,0.023556801012962945,1 - 3.5,0 deg
1.3947110000000001e-05,0.07649949308853234,3.5 - 10,0 deg
0.00046317482000000004,0.0065354338298657935,10 - 20,0 deg
