Value,Error,Energy,Angle
1.2691559e-05,0.5066482556083141,0.01 - 0.1,0 deg
0.00010569100000000002,0.042996308290677535,0.1 - 1,0 deg
0.0002709208,0.02420323135396027,1 - 3.5,0 deg
0.0001420287,0.04137565695032061,3.5 - 10,0 deg
0.006046629662999999,0.002947565749713421,10 - 20,0 deg
