Value,Error,Energy,Angle
1.8534396e-05,0.8066816541310544,0.01 - 0.1,0 deg
8.625377000000002e-05,0.051398159239532365,0.1 - 1,0 deg
4.846244e-05,0.04059390300302667,1 - 3.5,0 deg
3.6332720000000005e-06,0.2725580850731792,3.5 - 10,0 deg
5.0094349999999996e-05,0.027766175547541794,10 - 20,0 deg
