Value,Error,Energy,Angle
3.586613000000001e-05,0.5462752101076976,0.01 - 0.1,24.9 deg
8.406142e-05,0.06375628221721688,0.1 - 1,24.9 deg
4.120854e-05,0.04602511840239912,1 - 3.5,24.9 deg
2.4423357000000002e-06,0.3685630405803756,3.5 - 10,24.9 deg
6.357520699999999e-06,0.11169462542371275,10 - 20,24.9 deg
