Value,Error,Energy,Angle
4.216598999999999e-06,0.2524594986433379,0.1 - 1,66.8 deg
1.1844009e-05,0.15969111920549875,1 - 3.5,66.8 deg
8.503639999999999e-06,0.2213472825519425,3.5 - 10,66.8 deg
4.8747509e-06,0.29045405193524865,10 - 20,66.8 deg
