Value,Error,Energy,Angle
5.552686e-06,0.5669997247080061,0.01 - 0.1,66.8 deg
1.7579349e-05,0.0838502812908487,0.1 - 1,66.8 deg
2.084429e-05,0.06147548919008514,1 - 3.5,66.8 deg
1.411805e-05,0.09832820495960845,3.5 - 10,66.8 deg
2.6523085060000005e-05,0.04746828685131849,10 - 20,66.8 deg
