Value,Error,Energy,Angle
1.201187e-05,0.22799768198040768,0.01 - 0.1,41.8 deg
0.00014349603999999999,0.017370133092453284,0.1 - 1,41.8 deg
4.8907829999999995e-05,0.027640302362014427,1 - 3.5,41.8 deg
7.76455e-06,0.09787940832887934,3.5 - 10,41.8 deg
8.8042648e-06,0.06696554224039239,10 - 20,41.8 deg
