Value,Error,Energy,Angle
4.8533058e-06,0.2119316034114314,0.01 - 0.1,24.9 deg
2.6207931000000002e-05,0.030469738071273157,0.1 - 1,24.9 deg
6.834876e-07,0.44133078943934023,1 - 3.5,24.9 deg
1.5992778999999995e-07,1.0586040368531326,3.5 - 10,24.9 deg
1.343281e-07,0.7603440849010742,10 - 20,24.9 deg
