Value,Error,Energy,Angle
1.7000160000000004e-05,0.08730120061281772,0.1 - 1,66.8 deg
4.581757e-05,0.05967316463356743,1 - 3.5,66.8 deg
3.916991e-05,0.07385681943333544,3.5 - 10,66.8 deg
2.8044114730000004e-05,0.07294175044868671,10 - 20,66.8 deg
