Value,Error,Energy,Angle
1.1573981999999999e-05,0.23428218003967863,0.01 - 0.1,24.9 deg
0.00015078119,0.015567936670283607,0.1 - 1,24.9 deg
5.910911e-05,0.02184937332299539,1 - 3.5,24.9 deg
1.0732090000000003e-05,0.06712305158641045,3.5 - 10,24.9 deg
3.182829620000001e-05,0.02508601140578803,10 - 20,24.9 deg
