Value,Error,Energy,Angle
3.722675e-06,0.4650649753470287,0.01 - 0.1,66.8 deg
1.781931e-05,0.054350063468226316,0.1 - 1,66.8 deg
3.086748e-05,0.03182879412345938,1 - 3.5,66.8 deg
2.291108e-05,0.04540770553068646,3.5 - 10,66.8 deg
2.6900361500000002e-05,0.032458771273761504,10 - 20,66.8 deg
