Value,Error,Energy,Angle
3.2575300000000006e-05,0.07304720550417032,0.1 - 1,0 deg
0.0001456901,0.034607134096963345,1 - 3.5,0 deg
0.00019100600000000002,0.03479542057212862,3.5 - 10,0 deg
0.0040157752479,0.004364643049041589,10 - 20,0 deg
