Value,Error,Energy,Angle
5.3778096000000005e-06,0.563621547572082,0.01 - 0.1,41.8 deg
0.0001061761,0.024998785863767838,0.1 - 1,41.8 deg
0.0001262229,0.020850633270191064,1 - 3.5,41.8 deg
4.46212e-05,0.0439025915954748,3.5 - 10,41.8 deg
7.04443248e-05,0.02517741484889639,10 - 20,41.8 deg
