Value,Error,Energy,Angle
4.8538978000000004e-05,0.4252578981164374,0.01 - 0.1,12.2 deg
0.00016338004,0.037520299274623754,0.1 - 1,12.2 deg
0.0001657624,0.02113949887549891,1 - 3.5,12.2 deg
2.100294e-05,0.08088006172897699,3.5 - 10,12.2 deg
0.0002504261712,0.011332124024503716,10 - 20,12.2 deg
