Value,Error,Energy,Angle
2.110488e-05,0.8913159577026735,0.01 - 0.1,24.9 deg
0.00015902666,0.03497926685311758,0.1 - 1,24.9 deg
0.0001608426,0.01860841930682543,1 - 3.5,24.9 deg
1.7983759999999996e-05,0.07362698036561877,3.5 - 10,24.9 deg
5.96771603e-05,0.024267566688993415,10 - 20,24.9 deg
