Value,Error,Energy,Angle
2.483577e-05,0.09998850767622666,0.1 - 1,41.8 deg
6.6818e-05,0.0693818920006585,1 - 3.5,41.8 deg
8.212677e-05,0.06014080924879914,3.5 - 10,41.8 deg
0.00017228590910000003,0.031098594531431704,10 - 20,41.8 deg
