Value,Error,Energy,Angle
9.664349999999998e-06,0.15751652748400052,0.1 - 1,0 deg
2.9339919999999998e-05,0.08308482412256067,1 - 3.5,0 deg
5.9971919999999996e-05,0.0537168682064873,3.5 - 10,0 deg
0.0004329386193,0.012097255740636118,10 - 20,0 deg
