Value,Error,Energy,Angle
9.848510000000001e-06,0.15941795276239756,0.1 - 1,12.2 deg
2.4648440000000002e-05,0.09760227949598432,1 - 3.5,12.2 deg
3.376036e-05,0.07708521074538305,3.5 - 10,12.2 deg
0.00010044689100000001,0.03072378980430564,10 - 20,12.2 deg
