Value,Error,Energy,Angle
7.478853499999999e-06,0.3615573049639226,0.01 - 0.1,24.9 deg
6.950027e-05,0.02706874487322136,0.1 - 1,24.9 deg
6.290753000000001e-06,0.10789296374694728,1 - 3.5,24.9 deg
6.576776e-07,0.5881042182066106,3.5 - 10,24.9 deg
1.4814858e-06,0.20381372678698642,10 - 20,24.9 deg
