Value,Error,Energy,Angle
0.0001659041,0.05069779271699735,0.1 - 1,0 deg
0.0007062422,0.028398832647780044,1 - 3.5,0 deg
0.000504303,0.04188930912387989,3.5 - 10,0 deg
0.019911255099999997,0.003866851681956505,10 - 20,0 deg
