Value,Error,Energy,Angle
1.6094814999999998e-05,0.8656548637744518,0.01 - 0.1,12.2 deg
8.108476e-05,0.0495466785831271,0.1 - 1,12.2 deg
4.293894e-05,0.03912516464379419,1 - 3.5,12.2 deg
2.5488080000000003e-06,0.32028340827163126,3.5 - 10,12.2 deg
1.76421784e-05,0.04757724756994861,10 - 20,12.2 deg
