Value,Error,Energy,Angle
6.152755e-06,0.6728430184527093,0.01 - 0.1,12.2 deg
2.2226529999999997e-05,0.08170513042161778,0.1 - 1,12.2 deg
3.497934e-05,0.04699268487627267,1 - 3.5,12.2 deg
3.1881810000000004e-05,0.05704727586890455,3.5 - 10,12.2 deg
0.00043289033,0.007982514478898155,10 - 20,12.2 deg
