Value,Error,Energy,Angle
1.2836389e-05,0.227454974180823,0.01 - 0.1,0 deg
8.042943000000002e-05,0.02814278711324946,0.1 - 1,0 deg
8.560814999999999e-06,0.08660142719939631,1 - 3.5,0 deg
6.96522e-07,0.593484770588725,3.5 - 10,0 deg
1.04491668e-05,0.052383689252620595,10 - 20,0 deg
