Value,Error,Energy,Angle
3.587495300000001e-05,0.8119778107500235,0.01 - 0.1,41.8 deg
0.000102792844,0.07520629133094128,0.1 - 1,41.8 deg
0.00018479260000000002,0.020991061821198465,1 - 3.5,41.8 deg
3.7721399999999994e-05,0.05719288536215519,3.5 - 10,41.8 deg
0.00010512998200000001,0.02038757929246102,10 - 20,41.8 deg
