Value,Error,Energy,Angle
8.26527e-06,0.2874670662773267,0.01 - 0.1,66.8 deg
0.00010259357,0.020760137199241628,0.1 - 1,66.8 deg
3.002454e-05,0.0385653501389197,1 - 3.5,66.8 deg
4.350609000000001e-06,0.19222780576926124,3.5 - 10,66.8 deg
2.8200595000000004e-06,0.21176719988354853,10 - 20,66.8 deg
