Value,Error,Energy,Angle
4.276833600000001e-06,0.8201596015729952,0.01 - 0.1,41.8 deg
2.243571e-05,0.07782271496689876,0.1 - 1,41.8 deg
3.16684e-05,0.05122447806646373,1 - 3.5,41.8 deg
2.3458439999999995e-05,0.06596501314708055,3.5 - 10,41.8 deg
6.228544899999999e-05,0.02812461253221439,10 - 20,41.8 deg
