Value,Error,Energy,Angle
2.5623420000000004e-05,0.0832500869669232,0.1 - 1,12.2 deg
7.754528000000001e-05,0.04952641840999219,1 - 3.5,12.2 deg
9.076749e-05,0.05025893972731867,3.5 - 10,12.2 deg
0.0005800299784,0.013385447012336698,10 - 20,12.2 deg
