Value,Error,Energy,Angle
5.139588e-06,0.24006968041018076,0.01 - 0.1,0 deg
3.3083309999999996e-05,0.02916361561736114,0.1 - 1,0 deg
1.1628700000000001e-06,0.2768346595836164,1 - 3.5,0 deg
1.6742558000000002e-07,1.1006847003844933,3.5 - 10,0 deg
3.6752453e-07,0.32931632060042354,10 - 20,0 deg
