Value,Error,Energy,Angle
2.1736560999999998e-05,0.852129235333041,0.01 - 0.1,0 deg
0.0002598956,0.02398543186187069,0.1 - 1,0 deg
0.000425676,0.012854695009819676,1 - 3.5,0 deg
0.00017526329999999999,0.024597026599407865,3.5 - 10,0 deg
0.009265943107,0.001558089784248014,10 - 20,0 deg
