Value,Error,Energy,Angle
5.117038e-05,0.22943605347468596,0.01 - 0.1,66.8 deg
4.1818757499999994e-05,0.0898800510015153,0.1 - 1,66.8 deg
1.9688541000000002e-05,0.07086683273991708,1 - 3.5,66.8 deg
2.9712819999999998e-06,0.3689851068831569,3.5 - 10,66.8 deg
2.4402490000000002e-06,0.38720185981840366,10 - 20,66.8 deg
