Value,Error,Energy,Angle
9.928740000000001e-06,0.3179859651496564,0.01 - 0.1,0 deg
4.227004e-05,0.03940006509030982,0.1 - 1,0 deg
0.00018463370000000001,0.013896455218630184,1 - 3.5,0 deg
0.0001369146,0.01914843490686895,3.5 - 10,0 deg
0.004245854032,0.0017940417578349759,10 - 20,0 deg
