Value,Error,Energy,Angle
7.646914999999999e-06,0.19956163261262877,0.01 - 0.1,41.8 deg
5.95331e-05,0.023659061565414866,0.1 - 1,41.8 deg
4.661046000000001e-06,0.11186043145894718,1 - 3.5,41.8 deg
5.297358e-07,0.5802390722507333,3.5 - 10,41.8 deg
4.5642691999999996e-07,0.4048427220725719,10 - 20,41.8 deg
