Value,Error,Energy,Angle
2.4763739999999997e-05,0.08684655378832117,0.1 - 1,41.8 deg
6.31396e-05,0.060110028759922454,1 - 3.5,41.8 deg
6.800313e-05,0.05868091813259184,3.5 - 10,41.8 deg
7.385969190000002e-05,0.044036339609074375,10 - 20,41.8 deg
