Value,Error,Energy,Angle
2.6302320000000002e-05,0.09374467479142524,0.1 - 1,66.8 deg
7.554959999999999e-05,0.06217617395724134,1 - 3.5,66.8 deg
7.593440000000001e-05,0.0707655937710708,3.5 - 10,66.8 deg
0.00010220267500000002,0.048151703125872185,10 - 20,66.8 deg
