Value,Error,Energy,Angle
1.5974777e-05,0.9689288306810169,0.01 - 0.1,41.8 deg
6.980128000000001e-05,0.0629491617579219,0.1 - 1,41.8 deg
3.194393e-05,0.04955447630175749,1 - 3.5,41.8 deg
1.663371e-06,0.4931519144917159,3.5 - 10,41.8 deg
2.348508e-06,0.24987900838319477,10 - 20,41.8 deg
