Value,Error,Energy,Angle
1.1688127999999999e-05,0.3675466968020884,0.01 - 0.1,0 deg
0.00023560660999999997,0.024116262165777096,0.1 - 1,0 deg
0.0003123313,0.02015001630320112,1 - 3.5,0 deg
0.00013782659999999998,0.0370175606450424,3.5 - 10,0 deg
0.0073762891,0.0027486998751174224,10 - 20,0 deg
