Value,Error,Energy,Angle
4.522847500000001e-06,0.5077089797301367,0.01 - 0.1,41.8 deg
2.2930749999999997e-05,0.05293830257187403,0.1 - 1,41.8 deg
4.216701e-05,0.03013433970845929,1 - 3.5,41.8 deg
3.757543000000001e-05,0.0332530614111402,3.5 - 10,41.8 deg
5.771060940000001e-05,0.01904353392185805,10 - 20,41.8 deg
