Value,Error,Energy,Angle
2.630881e-05,0.08014292731180166,0.1 - 1,24.9 deg
7.264262999999999e-05,0.04980635917890088,1 - 3.5,24.9 deg
8.848329e-05,0.04739821035700639,3.5 - 10,24.9 deg
0.00024151278770000002,0.02015779594320007,10 - 20,24.9 deg
