Value,Error,Energy,Angle
4.7869185000000005e-06,0.4303166614994594,0.01 - 0.1,24.9 deg
2.292069e-05,0.04796166087015705,0.1 - 1,24.9 deg
3.9797270000000004e-05,0.028292280301890047,1 - 3.5,24.9 deg
4.145580999999999e-05,0.0290655839268368,3.5 - 10,24.9 deg
0.00014680896,0.00973450770348077,10 - 20,24.9 deg
