Value,Error,Energy,Angle
4.826836199999999e-06,0.2210252894274722,0.01 - 0.1,41.8 deg
1.8676390999999998e-05,0.04235035489137061,0.1 - 1,41.8 deg
4.0978278e-07,0.9041425422024811,1 - 3.5,41.8 deg
2.0331215999999996e-07,1.1200181617764526,3.5 - 10,41.8 deg
8.285940999999999e-08,1.2747400004779181,10 - 20,41.8 deg
