Value,Error,Energy,Angle
1.1409662999999999e-05,0.2558387875934636,0.01 - 0.1,12.2 deg
0.00015700455,0.016920588981847975,0.1 - 1,12.2 deg
6.36887e-05,0.023202963026408136,1 - 3.5,12.2 deg
1.206262e-05,0.07085400290318357,3.5 - 10,12.2 deg
0.000117910196,0.012473598519164535,10 - 20,12.2 deg
