Value,Error,Energy,Angle
2.3234166000000002e-05,0.952284952961083,0.01 - 0.1,24.9 deg
9.4786506e-05,0.060564291990043394,0.1 - 1,24.9 deg
0.00017058470000000001,0.0187715077782474,1 - 3.5,24.9 deg
3.91064e-05,0.04991175006392815,3.5 - 10,24.9 deg
0.00018548930700000002,0.012334499243614083,10 - 20,24.9 deg
