Value,Error,Energy,Angle
5.17974e-06,0.2071895536571334,0.01 - 0.1,12.2 deg
2.8738352000000005e-05,0.029843368878285013,0.1 - 1,12.2 deg
8.853513000000001e-07,0.3237248132916278,1 - 3.5,12.2 deg
1.16926899e-07,1.3179578010189084,3.5 - 10,12.2 deg
2.3726419999999998e-07,0.3892074971951099,10 - 20,12.2 deg
