Value,Error,Energy,Angle
6.0408408999999995e-06,0.49435816886023265,0.01 - 0.1,24.9 deg
9.945120000000001e-05,0.02570630917515324,0.1 - 1,24.9 deg
0.0001215827,0.020938878386480973,1 - 3.5,24.9 deg
4.665540000000001e-05,0.043677249135148324,3.5 - 10,24.9 deg
0.00023270056500000004,0.01161783538733565,10 - 20,24.9 deg
