Value,Error,Energy,Angle
7.867123999999999e-06,0.3140273142726618,0.01 - 0.1,12.2 deg
7.161835999999999e-05,0.0285860251816713,0.1 - 1,12.2 deg
7.536027e-06,0.09455966604020925,1 - 3.5,12.2 deg
6.450842e-07,0.6107853786838989,3.5 - 10,12.2 deg
4.2813064900000004e-06,0.0922209732828541,10 - 20,12.2 deg
