Value,Error,Energy,Angle
2.0401955e-05,0.9153052634367638,0.01 - 0.1,0 deg
0.00018196258,0.03309860071999419,0.1 - 1,0 deg
0.0001895788,0.020435088497764518,1 - 3.5,0 deg
2.9274000000000005e-05,0.069059846411833,3.5 - 10,0 deg
0.00101286526,0.005363595647756741,10 - 20,0 deg
