Value,Error,Energy,Angle
9.458480000000001e-06,0.1379934277886087,0.1 - 1,41.8 deg
1.969724e-05,0.10304717960739677,1 - 3.5,41.8 deg
1.9304309999999998e-05,0.10187334760372167,3.5 - 10,41.8 deg
1.4038720729999999e-05,0.09415947622102175,10 - 20,41.8 deg
