Value,Error,Energy,Angle
1.9053124000000005e-05,0.8016521515684252,0.01 - 0.1,66.8 deg
0.00010956473,0.044055971262832484,0.1 - 1,66.8 deg
0.00010012700000000001,0.022788748618254813,1 - 3.5,66.8 deg
8.60056e-06,0.16490522672360872,3.5 - 10,66.8 deg
7.3157533e-06,0.15331293908311533,10 - 20,66.8 deg
