Value,Error,Energy,Angle
4.207317e-06,0.8615092970959877,0.01 - 0.1,24.9 deg
2.3421300000000002e-05,0.08275644138711344,0.1 - 1,24.9 deg
3.49001e-05,0.05202083414374171,1 - 3.5,24.9 deg
2.835452e-05,0.06521641873958721,3.5 - 10,24.9 deg
0.00016969241343000002,0.01460803971694682,10 - 20,24.9 deg
