Value,Error,Energy,Angle
8.162625e-06,0.1595889924919986,0.1 - 1,24.9 deg
2.3518670000000004e-05,0.08764815097920078,1 - 3.5,24.9 deg
2.754991e-05,0.07705350395954107,3.5 - 10,24.9 deg
4.412517856e-05,0.044981117186441134,10 - 20,24.9 deg
