Value,Error,Energy
0.0,,0.01 - 0.1
5.10766,0.0049346838611027365,0.1 - 1
3.582180000000001,0.0035679392520755497,1 - 3.5
2.3446499999999997,0.003916831198686372,3.5 - 10
4.6479740000000005,0.005277336054160372,10 - 20
