Value,Error,Energy
0.0,,0.01 - 0.1
2.0376,0.004242402826855125,0.1 - 1
1.81677,0.0010525510218684809,1 - 3.5
0.18008879999999997,0.0027295526182638794,3.5 - 10
0.0007856,9.453918024439918e-05,10 - 20
