Value,Error,Energy
2.6146000000000003,0.04770551862617609,0.01 - 0.1
16.578879999999998,0.004279855945636859,0.1 - 1
6.299059999999999,0.0030599183671849452,1 - 3.5
1.24742,0.0018111975036475287,3.5 - 10
3.8890037,0.008551174498985436,10 - 20
