Value,Error,Energy
0.6171800000000001,0.034909886580900225,0.01 - 0.1
12.89562,0.003898412490442491,0.1 - 1
6.4182999999999995,0.003105860492653819,1 - 3.5
1.8428700000000002,0.0022406360296711105,3.5 - 10
13.1725122,0.017981108621760094,10 - 20
