Value,Error,Energy
0.0,,0.01 - 0.1
1.6424,0.0006638455918168534,0.1 - 1
1.94443,0.0007717241042362028,1 - 3.5
0.42962,0.0025537040221591174,3.5 - 10
0.0016859000000000002,0.0011749234830061095,10 - 20
