Value,Error,Energy
0.0,,0.01 - 0.1
0.7922,0.002781418833627872,0.1 - 1
1.1141,0.0010665334799389642,1 - 3.5
0.1374647,0.002492764959295005,3.5 - 10
0.0004454,8.477687471935339e-05,10 - 20
