Value,Error,Energy
0.0,,0.01 - 0.1
0.8466,0.00024645641389085755,0.1 - 1
1.18568,0.0002624753727818636,1 - 3.5
0.14454950000000003,0.0005129578001999314,3.5 - 10
0.0001738,0.0001477037974683544,10 - 20
