Value,Error,Energy
0.0,,0.01 - 0.1
0.48472000000000004,0.0017349257303185342,0.1 - 1
0.5165909999999999,0.00045134870139046184,1 - 3.5
0.0496627,0.0009944355087419734,3.5 - 10
0.00013319999999999999,1.4936816816816817e-05,10 - 20
