Value,Error,Energy
0.21500000000000002,0.018939965581395348,0.01 - 0.1
8.93083,0.0035845588394359763,0.1 - 1
5.51254,0.0032442585269222527,1 - 3.5
1.52068,0.0022929957519004654,3.5 - 10
17.815323199999998,0.023905265548751872,10 - 20
