Value,Error,Energy
2.5173,0.05234703837444882,0.01 - 0.1
16.6583,0.0044367273911503574,0.1 - 1
3.40736,0.0022932855817993994,1 - 3.5
0.589,0.001303276298811545,3.5 - 10
2.0047585,0.005904426851837765,10 - 20
