Value,Error,Energy
0.6555500000000001,0.005892531751963999,0.01 - 0.1
10.986540000000002,0.003372438982609629,0.1 - 1
7.057499999999999,0.0037795574211831385,1 - 3.5
1.5039399999999998,0.002366327034323178,3.5 - 10
7.964706499999999,0.01280130757824535,10 - 20
