Value,Error,Energy
0.036990999999999996,0.0016892670649617473,0.01 - 0.1
2.1313400000000002,0.0011738619443636396,0.1 - 1
3.1544300000000005,0.0016871973383463888,1 - 3.5
1.36946,0.001611012340630614,3.5 - 10
15.015265000000001,0.01233485625307312,10 - 20
