Value,Error,Energy
0.036102999999999996,0.03429732975099022,0.01 - 0.1
1.8733227,0.0027827776338748256,0.1 - 1
2.747805,0.002683224301433326,1 - 3.5
1.613958,0.002796390592506124,3.5 - 10
9.6181383,0.01884253542471202,10 - 20
