Value,Error,Energy
0.0,,0.01 - 0.1
6.89165,0.006964788196440621,0.1 - 1
6.45661,0.0010701806480490537,1 - 3.5
2.3882800000000004,0.0009131830518197194,3.5 - 10
18.339453499999998,0.008137432771712092,10 - 20
