Value,Error,Energy
0.0,,0.01 - 0.1
1.5528,0.001096097372488408,0.1 - 1
2.4535,0.001603348074179743,1 - 3.5
0.42032600000000003,0.004269668048134067,3.5 - 10
0.012067999999999999,0.00445615313225058,10 - 20
