Value,Error,Energy
0.0,,0.01 - 0.1
0.26439,0.002236558871364273,0.1 - 1
0.48564199999999996,0.00037861113742221645,1 - 3.5
0.052740100000000005,0.0009191110001687522,3.5 - 10
7.87e-05,1.655730622617535e-05,10 - 20
