Value,Error,Energy
0.0,,0.01 - 0.1
0.8539,0.002558109848928446,0.1 - 1
1.07895,0.0012171637239909172,1 - 3.5
0.12885,0.002552733775708188,3.5 - 10
0.0004455,6.961245791245791e-05,10 - 20
