Value,Error,Energy
0.0,,0.01 - 0.1
1.2227000000000001,0.0005470925002044654,0.1 - 1
2.63402,0.0007702837108298342,1 - 3.5
0.3904640000000001,0.002333740472873299,3.5 - 10
0.002541,0.0003759999999999999,10 - 20
