Value,Error,Energy,Offset
0.1634,0.15116303549571605,5 - 10,on-axis
0.91564,0.13751072473898035,10 - 20,on-axis
1.3401,0.16638288187448697,20 - 30,on-axis
1.8242000000000003,0.1873260059204034,30 - 40,on-axis
1.6455000000000002,0.1690527499240352,40 - 50,on-axis
1.6849,0.11963974123093359,50 - 60,on-axis
7.0103,0.1387983681154872,60 - 70,on-axis
