Value,Error,Energy,Offset
0.023447,0.11955294920458907,5 - 10,on-axis
0.054902999999999993,0.18235970711982952,10 - 20,on-axis
0.08883599999999998,0.21902559773064975,20 - 30,on-axis
0.2207,0.44321264159492524,30 - 40,on-axis
0.27251000000000003,0.45332707056621774,40 - 50,on-axis
