Value,Error,Energy,Offset
543.9,0.3203204633204633,5 - 10,on-axis
4127.7,0.1456789737626281,10 - 20,on-axis
9292.4,0.14794922732555638,20 - 30,on-axis
13209.3,0.33429710128470097,30 - 40,on-axis
33174.0,0.11986151805630917,40 - 50,on-axis
