Value,Error,Energy,Offset
16.521,0.32370534471278983,5 - 10,20 cm
50.397999999999996,0.16384612484622404,10 - 20,20 cm
89.493,0.15197593107840832,20 - 30,20 cm
178.82,0.16085734257912987,30 - 40,20 cm
189.17400000000004,0.06967306289447808,40 - 50,20 cm
2.6598,0.21666689224753735,5 - 10,40 cm
6.914499999999999,0.1295763251138911,10 - 20,40 cm
10.885,0.13518254478640332,20 - 30,40 cm
19.273,0.17951232293882632,30 - 40,40 cm
19.348999999999997,0.1004887591089979,40 - 50,40 cm
