Value,Error,Energy,Offset
1.7158,0.14260228464856037,5 - 10,on-axis
4.9837,0.15071055641390935,10 - 20,on-axis
11.2501,0.1281049679558404,20 - 30,on-axis
17.714,0.11159738060291295,30 - 40,on-axis
17.681,0.07381669588824159,40 - 50,on-axis
21.952999999999996,0.04096925249396438,50 - 60,on-axis
77.944,0.022750076978343397,60 - 70,on-axis
