Value,Error,Energy,Offset
20.686,0.18421792516677943,5 - 10,on-axis
60.90299999999999,0.15747005894619315,10 - 20,on-axis
150.173,0.13216705399772258,20 - 30,on-axis
251.51999999999998,0.10809943543256997,30 - 40,on-axis
282.07,0.05891537561598185,40 - 50,on-axis
279.98,0.05293081648689192,50 - 60,on-axis
1587.1,0.021668514901392457,60 - 70,on-axis
