Value,Error,Energy,Offset
664.9,0.12849481124981202,5 - 10,on-axis
5711.8,0.1877035260338247,10 - 20,on-axis
14608.6,0.11577808961844392,20 - 30,on-axis
24717.0,0.07550592709471213,30 - 40,on-axis
23562.0,0.054541380188439015,40 - 50,on-axis
13340.6,0.08469076353387402,50 - 60,on-axis
103117.0,0.054534334784759046,60 - 70,on-axis
