Value,Error,Energy,Offset
0.56968,0.3494753194776014,5 - 10,on-axis
3.8585000000000003,0.17938232473759227,10 - 20,on-axis
5.1916,0.2205973303027968,20 - 30,on-axis
15.9713,0.15605513013968805,30 - 40,on-axis
13.757940000000001,0.09847895542501274,40 - 50,on-axis
