Value,Error,Energy,Offset
3.8129999999999997,0.14518332022029898,5 - 10,on-axis
20.212,0.13679101523847217,10 - 20,on-axis
34.696999999999996,0.14508974839323285,20 - 30,on-axis
49.072,0.13710170769481578,30 - 40,on-axis
45.735,0.11934804854050506,40 - 50,on-axis
38.882000000000005,0.10356187953294582,50 - 60,on-axis
203.18200000000002,0.10500119105038833,60 - 70,on-axis
