Value,Error,Energy,Offset
26.883000000000003,0.27523620875646315,5 - 10,on-axis
199.05,0.09187380055262494,10 - 20,on-axis
390.70000000000005,0.10921502431533145,20 - 30,on-axis
605.89,0.08261415438445921,30 - 40,on-axis
1638.55,0.043976900308199306,40 - 50,on-axis
