Value,Error,Energy,Offset
40.557,0.13219099045787408,5 - 10,20 cm
107.57,0.07731514362740541,10 - 20,20 cm
129.09,0.10551832055155315,20 - 30,20 cm
196.738,0.1544228262969025,30 - 40,20 cm
191.65200000000002,0.09164403710892656,40 - 50,20 cm
5.851000000000001,0.10572466245086307,5 - 10,40 cm
13.0,0.057035307692307656,10 - 20,40 cm
13.629000000000001,0.08958874458874458,20 - 30,40 cm
15.3283,0.16425056268470736,30 - 40,40 cm
11.6947,0.11410843373493973,40 - 50,40 cm
