Value,Error,Energy,Offset
0.23521999999999998,0.33033487798656574,5 - 10,on-axis
0.43350999999999995,0.16227840188230955,10 - 20,on-axis
1.14444,0.17036718395022896,20 - 30,on-axis
3.0195999999999996,0.12750440455689496,30 - 40,on-axis
2.8996999999999997,0.0475366417215574,40 - 50,on-axis
