Value,Error,Energy,Offset
3017.5,0.19495274233637117,5 - 10,on-axis
20412.0,0.1136375171467764,10 - 20,on-axis
39214.0,0.09640095374101086,20 - 30,on-axis
58512.0,0.06283495693191132,30 - 40,on-axis
127865.0,0.03605314198568803,40 - 50,on-axis
