Value,Error,Energy,Offset
107.92,0.13014899925871012,5 - 10,20 cm
305.71,0.0708048804422492,10 - 20,20 cm
435.91,0.08165928746759653,20 - 30,20 cm
760.27,0.09005562497533764,30 - 40,20 cm
719.1999999999999,0.042198567853170194,40 - 50,20 cm
11.544,0.17789067914067913,5 - 10,40 cm
36.048,0.09007867288060363,10 - 20,40 cm
41.085,0.13044089083607152,20 - 30,40 cm
57.096999999999994,0.24072819938000245,30 - 40,40 cm
53.228,0.1940401292552792,40 - 50,40 cm
