Value,Error,Energy,Offset
0.9284199999999999,0.15997739169772301,10 - 20,on-axis
1.7124000000000001,0.1523252744685821,20 - 30,on-axis
3.4673999999999996,0.12545117379015977,30 - 40,on-axis
3.2069,0.09200121612772455,40 - 50,on-axis
3.4749,0.0570917436472992,50 - 60,on-axis
10.093,0.03798117507183194,60 - 70,on-axis
