Value,Error,Energy,Offset
135.05,0.05017149203998513,5 - 10,on-axis
580.29,0.1794091057919316,10 - 20,on-axis
1307.6499999999999,0.1263538790960884,20 - 30,on-axis
1945.3,0.10912908034750424,30 - 40,on-axis
1838.6000000000004,0.08401609920591752,40 - 50,on-axis
1284.3,0.10840932803862022,50 - 60,on-axis
8552.4,0.08071750619709087,60 - 70,on-axis
