Value,Error,Energy,Offset
0.011875,0.09448926315789469,5 - 10,on-axis
0.04498,0.22394604268563803,10 - 20,on-axis
0.054106,0.3122910582929804,20 - 30,on-axis
0.094492,0.3348690576980061,30 - 40,on-axis
0.10626,0.2573937511763599,40 - 50,on-axis
0.05546,0.361585647313379,50 - 60,on-axis
0.284856,0.3614955977757182,60 - 70,on-axis
