Value,Error,Energy,Offset
203.45999999999998,0.09822825125331762,5 - 10,20 cm
552.0899999999999,0.056138002861852235,10 - 20,20 cm
648.12,0.07828209282231684,20 - 30,20 cm
914.01,0.12530711917812715,30 - 40,20 cm
850.35,0.07595393661433525,40 - 50,20 cm
26.276,0.08052519409346932,5 - 10,40 cm
55.922999999999995,0.05873606566171341,10 - 20,40 cm
72.588,0.07397961095497879,20 - 30,40 cm
74.305,0.15481928537783457,30 - 40,40 cm
59.882999999999996,0.1022322695923718,40 - 50,40 cm
